<?xml version="1.0" encoding="utf-8"?>
<Bundle xmlns="http://hl7.org/fhir">
    <id value="4D983B97-36F0-4579-AA85-B2B809DA17FB"/>
    <meta>
        <profile value="https://fhir.kbv.de/StructureDefinition/KBV_PR_MIO_ZAEB_Bundle|1.1.0"/>
    </meta>
    <identifier>
        <system value="urn:ietf:rfc:3986"/>
        <value value="urn:uuid:4D983B97-36F0-4579-AA85-B2B809DA17FB"/>
    </identifier>
    <type value="document"/>
    <timestamp value="2021-12-07T18:12:15Z"/>
    <entry>
        <fullUrl value="urn:uuid:07DA3CFD-67A5-4203-ABFF-248FE9B86DF7"/>
        <resource>
            <Composition xmlns="http://hl7.org/fhir">
                <id value="07DA3CFD-67A5-4203-ABFF-248FE9B86DF7"/>
                <meta>
                    <profile value="https://fhir.kbv.de/StructureDefinition/KBV_PR_MIO_ZAEB_Composition|1.1.0"/>
                </meta>
                <status value="final"/>
                <type>
                    <coding>
                        <system value="http://snomed.info/sct"/>
                        <version value="http://snomed.info/sct/900000000000207008/version/20210131"/>
                        <code value="371525003"/>
                        <display value="Clinical procedure report (record artifact)"/>
                    </coding>
                </type>
                <subject>
                    <reference value="urn:uuid:4B9A3FFD-F873-4C15-B676-063777F323C5"/>
                </subject>
                <date value="2018-01-01T00:00:00Z"/>
                <author>
                    <reference value="urn:uuid:CCBB06BB-8B0E-4A46-A519-B10C5C296C3B"/>
                </author>
                <title value="Bonushefteintrag"/>
                <section>
                    <entry>
                        <reference value="urn:uuid:C2AB5EB5-6805-4357-A714-63CA514ACC2F"/>
                    </entry>
                </section>
            </Composition>
        </resource>
    </entry>
    <entry>
        <fullUrl value="urn:uuid:4B9A3FFD-F873-4C15-B676-063777F323C5"/>
        <resource>
            <Patient xmlns="http://hl7.org/fhir">
                <id value="4B9A3FFD-F873-4C15-B676-063777F323C5"/>
                <meta>
                    <profile value="https://fhir.kbv.de/StructureDefinition/KBV_PR_MIO_ZAEB_Patient|1.1.0"/>
                </meta>
                <identifier>
                    <type>
                        <coding>
                            <system value="http://fhir.de/CodeSystem/identifier-type-de-basis"/>
                            <code value="GKV"/>
                        </coding>
                    </type>
                    <system value="http://fhir.de/NamingSystem/gkv/kvid-10"/>
                    <value value="D123456789"/>
                </identifier>
                <name>
                    <use value="official"/>
                    <text value="Max Mustermann"/>
                    <family value="Mustermann">
                        <extension url="http://hl7.org/fhir/StructureDefinition/humanname-own-name">
                            <valueString value="Mustermann"/>
                        </extension>
                    </family>
                    <given value="Max"/>
                </name>
                <birthDate value="2001-07-12"/>
                <address>
                    <type value="both"/>
                    <line value="Musterstraße 234 3. OG">
                        <extension url="http://hl7.org/fhir/StructureDefinition/iso21090-ADXP-streetName">
                            <valueString value="Musterstraße"/>
                        </extension>
                        <extension url="http://hl7.org/fhir/StructureDefinition/iso21090-ADXP-houseNumber">
                            <valueString value="234"/>
                        </extension>
                        <extension url="http://hl7.org/fhir/StructureDefinition/iso21090-ADXP-additionalLocator">
                            <valueString value="3. OG"/>
                        </extension>
                    </line>
                    <city value="Musweiler"/>
                    <postalCode value="54534"/>
                    <country value="D"/>
                </address>
            </Patient>
        </resource>
    </entry>
    <entry>
        <fullUrl value="urn:uuid:CCBB06BB-8B0E-4A46-A519-B10C5C296C3B"/>
        <resource>
            <Organization xmlns="http://hl7.org/fhir">
                <id value="CCBB06BB-8B0E-4A46-A519-B10C5C296C3B"/>
                <meta>
                    <profile value="https://fhir.kbv.de/StructureDefinition/KBV_PR_MIO_ZAEB_Organization|1.1.0"/>
                </meta>
                <identifier>
                    <type>
                        <coding>
                            <system value="http://fhir.de/CodeSystem/identifier-type-de-basis"/>
                            <code value="KZVA"/>
                        </coding>
                    </type>
                    <system value="http://fhir.de/NamingSystem/kzbv/kzvabrechnungsnummer"/>
                    <value value="2400"/>
                </identifier>
                <name value="Dr. Wolfram Greifenberg"/>
                <telecom>
                    <system value="phone"/>
                    <value value="04352/917025"/>
                </telecom>
                <telecom>
                    <system value="fax"/>
                    <value value="04352/917190"/>
                </telecom>
                <address>
                    <type value="both"/>
                    <line value="Vogelsang 1">
                        <extension url="http://hl7.org/fhir/StructureDefinition/iso21090-ADXP-streetName">
                            <valueString value="Vogelsang"/>
                        </extension>
                        <extension url="http://hl7.org/fhir/StructureDefinition/iso21090-ADXP-houseNumber">
                            <valueString value="1"/>
                        </extension>
                    </line>
                    <city value="Damp"/>
                    <postalCode value="24351"/>
                    <country value="D"/>
                </address>
            </Organization>
        </resource>
    </entry>
    <entry>
        <fullUrl value="urn:uuid:C2AB5EB5-6805-4357-A714-63CA514ACC2F"/>
        <resource>
            <Observation xmlns="http://hl7.org/fhir">
                <id value="C2AB5EB5-6805-4357-A714-63CA514ACC2F"/>
                <meta>
                    <profile value="https://fhir.kbv.de/StructureDefinition/KBV_PR_MIO_ZAEB_Observation_Gapless_Documentation|1.1.0"/>
                </meta>
                <extension url="https://fhir.kbv.de/StructureDefinition/KBV_EX_MIO_ZAEB_Disclaimer">
                    <valueString value="Die Vertragsparteien sind sich einig, dass der Zahnarzt im Nachhinein für eine falsche Jahresangabe nicht haftbar gemacht werden kann, wenn die Krankenkasse bei der Prüfung eines Heil- und Kostenplanes keinen Bonus oder eine andere Bonusstufe feststellt."/>
                </extension>
                <status value="final"/>
                <code>
                    <text value="Datum, seit dem eine lückenlose Dokumentation in dem Papier-Zahnbonusheft nachweislich vorliegt."/>
                </code>
                <subject>
                    <reference value="urn:uuid:4B9A3FFD-F873-4C15-B676-063777F323C5"/>
                </subject>
                <valueDateTime value="2014-07-01"/>
            </Observation>
        </resource>
    </entry>
</Bundle>
