<?xml version="1.0" encoding="utf-8"?>
<Bundle xmlns="http://hl7.org/fhir">
    <id value="F3295FBB-E2FA-4EE2-ACB5-38F6A4B9E9C5"/>
    <meta>
        <profile value="https://fhir.kbv.de/StructureDefinition/KBV_PR_MIO_ZAEB_Bundle|1.1.0"/>
    </meta>
    <identifier>
        <system value="urn:ietf:rfc:3986"/>
        <value value="urn:uuid:F3295FBB-E2FA-4EE2-ACB5-38F6A4B9E9C5"/>
    </identifier>
    <type value="document"/>
    <timestamp value="2021-12-07T18:18:52Z"/>
    <entry>
        <fullUrl value="urn:uuid:D37ED376-711D-4927-AB57-17F4C79A7D9C"/>
        <resource>
            <Composition xmlns="http://hl7.org/fhir">
                <id value="D37ED376-711D-4927-AB57-17F4C79A7D9C"/>
                <meta>
                    <profile value="https://fhir.kbv.de/StructureDefinition/KBV_PR_MIO_ZAEB_Composition|1.1.0"/>
                </meta>
                <status value="final"/>
                <type>
                    <coding>
                        <system value="http://snomed.info/sct"/>
                        <version value="http://snomed.info/sct/900000000000207008/version/20210131"/>
                        <code value="371525003"/>
                        <display value="Clinical procedure report (record artifact)"/>
                    </coding>
                </type>
                <subject>
                    <reference value="urn:uuid:4B9A3FFD-F873-4C15-B676-063777F323C5"/>
                </subject>
                <date value="2021-12-07T00:00:00Z"/>
                <author>
                    <reference value="urn:uuid:CCBB06BB-8B0E-4A46-A519-B10C5C296C3B"/>
                </author>
                <title value="Bonushefteintrag"/>
                <section>
                    <entry>
                        <reference value="urn:uuid:E096027F-56A3-4D27-BD16-A084FC5FA998"/>
                    </entry>
                </section>
            </Composition>
        </resource>
    </entry>
    <entry>
        <fullUrl value="urn:uuid:4B9A3FFD-F873-4C15-B676-063777F323C5"/>
        <resource>
            <Patient xmlns="http://hl7.org/fhir">
                <id value="4B9A3FFD-F873-4C15-B676-063777F323C5"/>
                <meta>
                    <profile value="https://fhir.kbv.de/StructureDefinition/KBV_PR_MIO_ZAEB_Patient|1.1.0"/>
                </meta>
                <identifier>
                    <type>
                        <coding>
                            <system value="http://fhir.de/CodeSystem/identifier-type-de-basis"/>
                            <code value="GKV"/>
                        </coding>
                    </type>
                    <system value="http://fhir.de/NamingSystem/gkv/kvid-10"/>
                    <value value="D123456789"/>
                </identifier>
                <name>
                    <use value="official"/>
                    <text value="Max Mustermann"/>
                    <family value="Mustermann">
                        <extension url="http://hl7.org/fhir/StructureDefinition/humanname-own-name">
                            <valueString value="Mustermann"/>
                        </extension>
                    </family>
                    <given value="Max"/>
                </name>
                <birthDate value="2001-07-12"/>
                <address>
                    <type value="both"/>
                    <line value="Musterstraße 234 3. OG">
                        <extension url="http://hl7.org/fhir/StructureDefinition/iso21090-ADXP-streetName">
                            <valueString value="Musterstraße"/>
                        </extension>
                        <extension url="http://hl7.org/fhir/StructureDefinition/iso21090-ADXP-houseNumber">
                            <valueString value="234"/>
                        </extension>
                        <extension url="http://hl7.org/fhir/StructureDefinition/iso21090-ADXP-additionalLocator">
                            <valueString value="3. OG"/>
                        </extension>
                    </line>
                    <city value="Musweiler"/>
                    <postalCode value="54534"/>
                    <country value="D"/>
                </address>
            </Patient>
        </resource>
    </entry>
    <entry>
        <fullUrl value="urn:uuid:CCBB06BB-8B0E-4A46-A519-B10C5C296C3B"/>
        <resource>
            <Organization xmlns="http://hl7.org/fhir">
                <id value="CCBB06BB-8B0E-4A46-A519-B10C5C296C3B"/>
                <meta>
                    <profile value="https://fhir.kbv.de/StructureDefinition/KBV_PR_MIO_ZAEB_Organization|1.1.0"/>
                </meta>
                <identifier>
                    <type>
                        <coding>
                            <system value="http://fhir.de/CodeSystem/identifier-type-de-basis"/>
                            <code value="KZVA"/>
                        </coding>
                    </type>
                    <system value="http://fhir.de/NamingSystem/kzbv/kzvabrechnungsnummer"/>
                    <value value="2400"/>
                </identifier>
                <name value="Dr. Wolfram Greifenberg"/>
                <address>
                    <type value="both"/>
                    <line value="Vogelsang 1">
                        <extension url="http://hl7.org/fhir/StructureDefinition/iso21090-ADXP-streetName">
                            <valueString value="Vogelsang"/>
                        </extension>
                        <extension url="http://hl7.org/fhir/StructureDefinition/iso21090-ADXP-houseNumber">
                            <valueString value="1"/>
                        </extension>
                    </line>
                    <city value="Damp"/>
                    <postalCode value="24351"/>
                    <country value="D"/>
                </address>
            </Organization>
        </resource>
    </entry>
    <entry>
        <fullUrl value="urn:uuid:E096027F-56A3-4D27-BD16-A084FC5FA998"/>
        <resource>
            <Observation xmlns="http://hl7.org/fhir">
                <id value="E096027F-56A3-4D27-BD16-A084FC5FA998"/>
                <meta>
                    <profile value="https://fhir.kbv.de/StructureDefinition/KBV_PR_MIO_ZAEB_Observation_Dental_Check_Up|1.1.0"/>
                </meta>
                <status value="final"/>
                <code>
                    <coding>
                        <system value="http://snomed.info/sct"/>
                        <version value="http://snomed.info/sct/900000000000207008/version/20210131"/>
                        <code value="63963009"/>
                        <display value="Dental prophylaxis, adult (procedure)">
                            <extension url="https://fhir.kbv.de/StructureDefinition/KBV_EX_Base_Terminology_German">
                                <extension url="content">
                                    <valueString value="Zahnärztliche Untersuchung (Erwachsen)"/>
                                </extension>
                            </extension>
                        </display>
                    </coding>
                </code>
                <subject>
                    <reference value="urn:uuid:4B9A3FFD-F873-4C15-B676-063777F323C5"/>
                </subject>
                <effectiveDateTime value="2021-12-07"/>
                <valueBoolean value="true"/>
            </Observation>
        </resource>
    </entry>
</Bundle>
