﻿<?xml version="1.0" encoding="UTF-8"?>
<Bundle xmlns="http://hl7.org/fhir" xmlns:xhtml="http://www.w3.org/1999/xhtml">
  <id value="6983DC94-A523-4D41-85E9-6AC938B11EBC"/>
  <meta>
    <profile value="https://fhir.kbv.de/StructureDefinition/KBV_PR_MIO_ZAEB_Bundle|1.1.0"/>
  </meta>
  <identifier>
    <system value="urn:ietf:rfc:3986"/>
    <value value="urn:uuid:6983DC94-A523-4D41-85E9-6AC938B11EBC"/>
  </identifier>
  <type value="document"/>
  <timestamp value="2021-12-08T15:31:43Z"/>
  <entry>
    <fullUrl value="urn:uuid:E44B8A7B-52BD-4DBD-A2FA-2D08D1D88D7D"/>
    <resource>
      <Composition>
        <id value="E44B8A7B-52BD-4DBD-A2FA-2D08D1D88D7D"/>
        <meta>
          <profile value="https://fhir.kbv.de/StructureDefinition/KBV_PR_MIO_ZAEB_Composition|1.1.0"/>
        </meta>
        <status value="final"/>
        <type>
          <coding>
            <system value="http://snomed.info/sct"/>
            <version value="http://snomed.info/sct/900000000000207008/version/20210131"/>
            <code value="371525003"/>
            <display value="Clinical procedure report (record artifact)"/>
          </coding>
        </type>
        <subject>
          <reference value="urn:uuid:215D5CA7-28CC-4192-820D-F8FE6701176D"/>
        </subject>
        <date value="2021-12-08T15:31:43Z"/>
        <author>
          <reference value="urn:uuid:60F56D2F-FCD0-49A9-8334-FDC54843DC89"/>
        </author>
        <title value="Bonushefteintrag"/>
        <section>
          <entry>
            <reference value="F9E27B78-5E3F-423B-B8FD-D7F343ED436A"/>
          </entry>
        </section>
      </Composition>
    </resource>
  </entry>
  <entry>
    <fullUrl value="urn:uuid:215D5CA7-28CC-4192-820D-F8FE6701176D"/>
    <resource>
      <Patient>
        <id value="215D5CA7-28CC-4192-820D-F8FE6701176D"/>
        <meta>
          <profile value="https://fhir.kbv.de/StructureDefinition/KBV_PR_MIO_ZAEB_Patient|1.1.0"/>
        </meta>
        <identifier>
          <type>
            <coding>
              <system value="http://fhir.de/CodeSystem/identifier-type-de-basis"/>
              <code value="GKV"/>
            </coding>
          </type>
          <system value="http://fhir.de/NamingSystem/gkv/kvid-10"/>
          <value value="X001815471"/>
        </identifier>
        <name>
          <use value="official"/>
          <family value="Connecthaton">
            <extension url="http://hl7.org/fhir/StructureDefinition/humanname-own-name">
              <valueString value="Connecthaton"/>
            </extension>
          </family>
          <given value="MIO"/>
        </name>
        <birthDate value="1998-01-01"/>
        <address>
          <type value="both"/>
          <line value="Highway to ePA 12345 Heaven's door">
            <extension url="http://hl7.org/fhir/StructureDefinition/iso21090-ADXP-streetName">
              <valueString value="Highway to ePA"/>
            </extension>
            <extension url="http://hl7.org/fhir/StructureDefinition/iso21090-ADXP-houseNumber">
              <valueString value="12345"/>
            </extension>
            <extension url="http://hl7.org/fhir/StructureDefinition/iso21090-ADXP-additionalLocator">
              <valueString value="Heaven's door"/>
            </extension>
          </line>
          <city value="Berlin"/>
          <postalCode value="12349"/>
          <country value="D"/>
        </address>
      </Patient>
    </resource>
  </entry>
  <entry>
    <fullUrl value="urn:uuid:60F56D2F-FCD0-49A9-8334-FDC54843DC89"/>
    <resource>
      <Organization>
        <id value="60F56D2F-FCD0-49A9-8334-FDC54843DC89"/>
        <meta>
          <profile value="https://fhir.kbv.de/StructureDefinition/KBV_PR_MIO_ZAEB_Organization|1.1.0"/>
        </meta>
        <identifier>
          <type>
            <coding>
              <system value="http://fhir.de/CodeSystem/identifier-type-de-basis"/>
              <code value="KZVA"/>
            </coding>
          </type>
          <system value="http://fhir.de/NamingSystem/kzbv/kzvabrechnungsnummer"/>
          <value value="13"/>
        </identifier>
        <name value="ProdPraxis23"/>
        <address>
          <type value="both"/>
          <line value="Eberhard-Anheuser-Straße 333">
            <extension url="http://hl7.org/fhir/StructureDefinition/iso21090-ADXP-streetName">
              <valueString value="Eberhard-Anheuser-Straße"/>
            </extension>
            <extension url="http://hl7.org/fhir/StructureDefinition/iso21090-ADXP-houseNumber">
              <valueString value="333"/>
            </extension>
          </line>
          <city value="Bad Kreuznach"/>
          <postalCode value="55543"/>
          <country value="D"/>
        </address>
      </Organization>
    </resource>
  </entry>
  <entry>
    <fullUrl value="urn:uuid:F9E27B78-5E3F-423B-B8FD-D7F343ED436A"/>
    <resource>
      <Observation>
        <id value="F9E27B78-5E3F-423B-B8FD-D7F343ED436A"/>
        <meta>
          <profile value="https://fhir.kbv.de/StructureDefinition/KBV_PR_MIO_ZAEB_Observation_Dental_Check_Up|1.1.0"/>
        </meta>
        <status value="final"/>
        <code>
          <coding>
            <system value="http://snomed.info/sct"/>
            <version value="http://snomed.info/sct/900000000000207008/version/20210131"/>
            <code value="2115003"/>
            <display value="Dental prophylaxis, children (procedure)">
              <extension url="https://fhir.kbv.de/StructureDefinition/KBV_EX_Base_Terminology_German">
                <extension url="content">
                  <valueString value="Individualprophylaxe (Kind)"/>
                </extension>
              </extension>
            </display>
          </coding>
        </code>
        <subject>
          <reference value="urn:uuid:215D5CA7-28CC-4192-820D-F8FE6701176D"/>
        </subject>
        <effectiveDateTime value="2013-12-24"/>
        <valueBoolean value="true"/>
      </Observation>
    </resource>
  </entry>
</Bundle>