﻿<?xml version="1.0" encoding="UTF-8"?>
<Bundle xmlns="http://hl7.org/fhir" xmlns:xhtml="http://www.w3.org/1999/xhtml">
  <id value="4D3C5558-F901-429A-B828-F6904D39AC48"/>
  <meta>
    <profile value="https://fhir.kbv.de/StructureDefinition/KBV_PR_MIO_ZAEB_Bundle|1.1.0"/>
  </meta>
  <identifier>
    <system value="urn:ietf:rfc:3986"/>
    <value value="urn:uuid:4D3C5558-F901-429A-B828-F6904D39AC48"/>
  </identifier>
  <type value="document"/>
  <timestamp value="2021-12-09T10:36:27Z"/>
  <entry>
    <fullUrl value="urn:uuid:A399A466-2CD4-44BD-82BA-79890B6084BC"/>
    <resource>
      <Composition>
        <id value="A399A466-2CD4-44BD-82BA-79890B6084BC"/>
        <meta>
          <profile value="https://fhir.kbv.de/StructureDefinition/KBV_PR_MIO_ZAEB_Composition|1.1.0"/>
        </meta>
        <status value="final"/>
        <type>
          <coding>
            <system value="http://snomed.info/sct"/>
            <version value="http://snomed.info/sct/900000000000207008/version/20210131"/>
            <code value="371525003"/>
            <display value="Clinical procedure report (record artifact)"/>
          </coding>
        </type>
        <subject>
          <reference value="urn:uuid:0518B933-DB4D-492A-B614-9F1D59B242AC"/>
        </subject>
        <date value="2021-12-09T10:36:27Z"/>
        <author>
          <reference value="urn:uuid:5D6A4876-CFBC-4E42-AF05-3EA88B457907"/>
        </author>
        <title value="Bonushefteintrag"/>
        <section>
          <entry>
            <reference value="urn:uuid:531D7EE3-007B-4338-86E3-00814684C430"/>
          </entry>
        </section>
      </Composition>
    </resource>
  </entry>
  <entry>
    <fullUrl value="urn:uuid:0518B933-DB4D-492A-B614-9F1D59B242AC"/>
    <resource>
      <Patient>
        <id value="0518B933-DB4D-492A-B614-9F1D59B242AC"/>
        <meta>
          <profile value="https://fhir.kbv.de/StructureDefinition/KBV_PR_MIO_ZAEB_Patient|1.1.0"/>
        </meta>
        <identifier>
          <type>
            <coding>
              <system value="http://fhir.de/CodeSystem/identifier-type-de-basis"/>
              <code value="GKV"/>
            </coding>
          </type>
          <system value="http://fhir.de/NamingSystem/gkv/kvid-10"/>
          <value value="X001815471"/>
        </identifier>
        <name>
          <use value="official"/>
          <family value="Connectathon">
            <extension url="http://hl7.org/fhir/StructureDefinition/humanname-own-name">
              <valueString value="Connectathon"/>
            </extension>
          </family>
          <given value="MIO"/>
        </name>
        <birthDate value="1998-01-01"/>
        <address>
          <type value="both"/>
          <line value="Highway to ePA 12345 Heaven's door">
            <extension url="http://hl7.org/fhir/StructureDefinition/iso21090-ADXP-streetName">
              <valueString value="Highway to ePA"/>
            </extension>
            <extension url="http://hl7.org/fhir/StructureDefinition/iso21090-ADXP-houseNumber">
              <valueString value="12345"/>
            </extension>
            <extension url="http://hl7.org/fhir/StructureDefinition/iso21090-ADXP-additionalLocator">
              <valueString value="Heaven's door"/>
            </extension>
          </line>
          <city value="Berlin"/>
          <postalCode value="12349"/>
          <country value="D"/>
        </address>
      </Patient>
    </resource>
  </entry>
  <entry>
    <fullUrl value="urn:uuid:5D6A4876-CFBC-4E42-AF05-3EA88B457907"/>
    <resource>
      <Organization>
        <id value="5D6A4876-CFBC-4E42-AF05-3EA88B457907"/>
        <meta>
          <profile value="https://fhir.kbv.de/StructureDefinition/KBV_PR_MIO_ZAEB_Organization|1.1.0"/>
        </meta>
        <identifier>
          <type>
            <coding>
              <system value="http://fhir.de/CodeSystem/identifier-type-de-basis"/>
              <code value="KZVA"/>
            </coding>
          </type>
          <system value="http://fhir.de/NamingSystem/kzbv/kzvabrechnungsnummer"/>
          <value value="13"/>
        </identifier>
        <name value="ProdPraxis23"/>
        <address>
          <type value="both"/>
          <line value="Eberhard-Anheuser-Straße 333">
            <extension url="http://hl7.org/fhir/StructureDefinition/iso21090-ADXP-streetName">
              <valueString value="Eberhard-Anheuser-Straße"/>
            </extension>
            <extension url="http://hl7.org/fhir/StructureDefinition/iso21090-ADXP-houseNumber">
              <valueString value="333"/>
            </extension>
          </line>
          <city value="Bad Kreuznach"/>
          <postalCode value="55543"/>
          <country value="D"/>
        </address>
      </Organization>
    </resource>
  </entry>
  <entry>
    <fullUrl value="urn:uuid:531D7EE3-007B-4338-86E3-00814684C430"/>
    <resource>
      <Observation>
        <id value="531D7EE3-007B-4338-86E3-00814684C430"/>
        <meta>
          <profile value="https://fhir.kbv.de/StructureDefinition/KBV_PR_MIO_ZAEB_Observation_Dental_Check_Up|1.1.0"/>
        </meta>
        <status value="final"/>
        <code>
          <coding>
            <system value="http://snomed.info/sct"/>
            <version value="http://snomed.info/sct/900000000000207008/version/20210131"/>
            <code value="2115003"/>
            <display value="Dental prophylaxis, children (procedure)">
              <extension url="https://fhir.kbv.de/StructureDefinition/KBV_EX_Base_Terminology_German">
                <extension url="content">
                  <valueString value="Individualprophylaxe (Kind)"/>
                </extension>
              </extension>
            </display>
          </coding>
        </code>
        <subject>
          <reference value="urn:uuid:0518B933-DB4D-492A-B614-9F1D59B242AC"/>
        </subject>
        <effectiveDateTime value="2014-05-01"/>
        <valueBoolean value="true"/>
      </Observation>
    </resource>
  </entry>
</Bundle>